{
	"home": {
		"name": 315,
		"icon": "fa-th-large"
	},
	"setting": {
		"name": 333,
		"icon": "fa-cog",
        "desc": 318
	},
    "navigator": {
		"name": 313,
		"icon": "fa-anchor",
		"desc": 334,
		"assets": {
			"js": "plugins/sortable/Sortable.min.js"
		}
	},
	"category": {
		"name": 312,
		"icon": "fa-navicon",
	    "desc": 335,
		"assets": {
			"js": "plugins/sortable/Sortable.min.js"
		}
	},
	"article": {
		"name": 321,
		"icon": "fa-file-text-o",
	    "subs": {
		  	"post": {
				"name": 314,
				"icon": "fa-pencil",
				"assets": {
					"js": [
						"plugins/markdown/marked.js",
						"plugins/pinyin/pinyin.js",
						"plugins/prism/prism.js",
						"plugins/crc32/crc32.js",
						"editor/file.input.js",
						"editor/selection.js",
						"editor/undo.js",
						"editor/editor.js",
						"editor/image.js"
					],
					"css": [
						"plugins/markdown/markdown.css",
						"plugins/prism/prism.css",
						"editor/editor.css"
					]
				}
		  	},
		  	"list": {
				"name": 320,
				"icon": "fa-list"
		  	}
		}
	},
	"user": {
		"name": 330,
		"icon": "fa-user",
		"subs": {
			"list": {
				"name": 329,
				"icon": "fa-th-list"
			},
			"group": {
				"name": 222,
				"icon": "fa-group",
				"assets": {
					"js": "plugins/sortable/Sortable.min.js"
				}
			},
			"limit": {
				"name": 327,
				"icon": "fa-graduation-cap"
			},
			"create": {
				"name": 211,
				"icon": "fa-user-plus"
			},
			"profile": {
				"name": 310,
				"icon": "fa-info-circle",
				"hide": true
			},
			"password": {
				"name": 308,
				"icon": "fa-keyboard-o",
				"hide": true
			}
		}
	},
	"theme": {
		"name": 305,
		"icon": "fa-html5",
		"assets": {
			"js": "plugins/colorpicker/bootstrap-colorpicker.min.js",
			"css": "plugins/colorpicker/bootstrap-colorpicker.min.css"
		}
	},
	"plugin": {
		"name": 152,
		"icon": "fa-windows"
	}
}