{
    "upload": {
        "image": ["png", "jpg", "jpeg", "gif", "bmp"],
        "attach": ["zip", "rar", "flk", "pdf", "doc", "docx", "xls", "xlsx", "ppt", "pptx"],
        "markdown": ["md", "markdown", "txt"]
    },
    "watermark": {
        "auto": false,
        "type": "image",
        "image": {
            "content": "system/assets/img/folk.png",
            "position": "lowerRight",
            "opacity": 0.5
        },
        "text": {
            "content": "FOLK",
            "position": "lowerRight",
            "opacity": 0.5,
            "font": "32px serif",
            "color": "#fff"
        }
    }
}